antecedents,consequents,support,confidence,lift,leverage,conviction
home_confort,bed_bath_table,0.0004558223352944294,0.10969387755102039,1.1160452910672463,4.7395957850071546e-05,1.0128111681483853
